sha256,canonical_path,id,filename
2ab8129ff5694d8e1fe506adfb2b7dbae10ff0a76d2cd9ad41e5f49dc599f027,base/167 sin título_20250922233558.png,e0061577-26d8-47de-b5e5-64c88a83a1a6,base/base-man/167 sin título_20250922233558.png
e9b8bcd0fee5c739cd929fde8b2fa4c56f69379e5e02b9eb5869d04a4f41147a,base/167 sin título_20250923002534.png,abc6a643-6c70-42bc-b251-b51c34992281,base/base-woman/167 sin título_20250923002534.png
8d0a96189f3c1df39d4f6239539efe9f63143cd01ac9bd550953f6afee8ceac1,base/167 sin título_20250923002615.png,ebadd63e-871f-4e94-9670-0c0f18cd8f6f,base/base-man/167 sin título_20250923002615.png
849891404a60a72c5e1a0b1425008844e46761489e6014109690eda02406d0e9,base/167 sin título_20250922233650.png,7f4d4370-7e1b-4f00-9586-aa90abd92dcf,base/base-woman/167 sin título_20250922233650.png
fcb56494cc3db0e3c83d6690e899211070b599a0b6d20a08837157887bdd60ee,eyes/female/ojos_6.png,0e709238-145c-4cef-8c5e-fc73ae1eedf2,eyes/male/ojos_6.png
309565c9b8653ccfd70e4aafdefde31dc03fe474867e7d9a8ee3725e97c60603,eyes/female/ojos_5.png,26acd6e3-aa9e-427a-acb1-e75d6e81e96e,eyes/male/ojos_5.png
5df68f0543c0e73a053c74a07c7f06fac05008cf8cec5dfaa9756d59682fbc86,eyes/female/ojos_4.png,f4c04af6-8857-4540-be9a-db5a88ac00ad,eyes/male/ojos_4.png
a6bd682204aba36a1796e62ad3af160ccf58116e5a2b8a7b1b4a87ea9e071a48,hair/female/hair_4.png,db7c41da-58a3-441b-9b53-448eeffc2f0b,hair/male/hair_4.png
74f4b580c492ea8dfb7aff5944f902df36f16db95f1ceebe1c5686a2984d099a,hair/female/hair_2.png,505538a0-2794-4a3a-9bd9-7b3fa7eeeaac,hair/male/hair_2.png
35eb04213762d7c64f78e7d09935b3aba7a93b6655023510627a15c54272c107,hair/female/hair_1.png,65eaaeea-ec2d-4213-a02d-a4ab49832d6c,hair/male/hair_1.png
72fcf91ab1a15b717f32e355ba99f8ff45685170ded44d61068d07fca5efef08,hair/female/hair_3.png,33d096b2-64f0-491e-b0a0-6a29289f7088,hair/male/hair_3.png
ba2ebf74473e1140f35b3a0a3151be0e075c5c77335380964993db6efee64f4b,accessories/female/collar_1.png,9256b269-f830-4e84-a28f-8bc83438d5a3,accessories/male/collar_1.png
83ad56efa9cfbdca50307794468b3849b92b220a3a364daf7bf4a1d575184bbc,accessories/female/manilla_2.png,ab2b5b5c-dbc8-4d6e-8a94-e795a88064a7,accessories/male/manilla_2.png
b371c176f3a9251ff3b411edaa641fee824b120cd0dbed1b2566c8847328dc45,accessories/female/moño.png,cbde513e-4abd-49bd-b6cd-d07c97faf351,accessories/male/moño.png
f6a9ee0e5954024b331a0abe45c7a89787a08e8566434a526288d6d7b951b196,accessories/female/gafas_2.png,e9291e28-0641-48e4-8e77-c6e92da81df6,accessories/male/gafas_2.png
52cbc646e51e75102d5504464820422e14ebd80f42880c1695889f378f75093b,accessories/female/orejas_gato.png,1c762a0a-6328-4788-b636-3c8530f8bd25,accessories/male/orejas_gato.png
d332599c87056c06a5684ee4c5f0722d5064a374df73da767fc7d85373b13a8e,makeup/female/rubor.png,179df9fa-8457-4141-9474-b285c3600d2e,makeup/male/rubor.png
7a4c1916852b9198211b3c3856e970413eb17357a13a0cd483accf0b39a6c3d8,makeup/female/ahumado_morado.png,3e6668cc-7292-4b8a-9dca-8375541e97ff,makeup/male/ahumado_morado.png
2b6248a3af663e89f6fa7bf0515463efbdb4d15f92e93ef4aa382aa630981964,makeup/female/ahumado_negro.png,2a2ddd41-bcac-4cc4-91ad-c089de48b1c7,makeup/male/ahumado_negro.png
17278c935ec704b35f6cc409b9d96e52ea5662c18b2e29b740c466df76e4efdc,makeup/female/remolino_rubor.png,7a1ff9cb-d7c1-44f3-9382-bd2b8067197a,makeup/male/remolino_rubor.png
cd936925b5adfb4a637ab21755f1bf08bc54f6ef90a0a47e613dafe26eeb201f,mouth/female/boca_3.png,f79b34ff-b7b0-4d5a-8390-0dbd190daa1c,mouth/male/boca_3.png
