id,filename,width,height,file_size,sha256
d9fb1d73-71d7-40e5-82f4-fe1208c8fcb7,hair/unisex/hair_2.png,1440,3200,136684,
5b401ea7-5027-4eba-8559-2bd0a793d943,hair/unisex/hair_1.png,1440,3200,135170,
d7fd2e75-4c4e-4983-8a38-cac0fd8ed353,hair/unisex/hair_3.png,1440,3200,138726,
cd84633c-2628-453d-8008-b4a4ecf1f467,hair/unisex/hair_4.png,1440,3200,116364,
267cfa5e-b1e9-4365-97fa-f0c8db5a9b94,eyes/unisex/ojos_6.png,1440,3200,132834,
257b058b-044a-4f22-930d-3e405b97efff,eyes/unisex/ojos_5.png,1440,3200,131253,
d744bd36-e242-4498-87ec-4d32dd0c0480,eyes/unisex/ojos_4.png,1440,3200,119499,
d5bff0fc-fa00-4989-ae47-3d9516d3d5f8,mouth/unisex/boca_3.png,1440,3200,100601,
e64239a9-c074-455d-9469-8407301d89c2,accessories/unisex/collar_1.png,1440,3200,111278,
8dd161b9-3841-4bc4-946d-af8b7a200923,accessories/unisex/moño.png,1440,3200,104653,
f5ab8e64-5288-421c-9cf9-bc54e6d7d9d2,accessories/unisex/gafas_2.png,1440,3200,99480,
c7bd7c7f-34b6-4cda-bdd9-f27811fd50ed,accessories/unisex/orejas_gato.png,1440,3200,103309,
a384c648-ef92-4d21-9419-655a771a9268,makeup/unisex/rubor.png,1440,3200,133454,
da7c1d0b-25c5-4568-85d2-17cef1fb7b56,makeup/unisex/ahumado_morado.png,1440,3200,169012,
d53c1d2f-c101-4a9b-98be-8e18d5b3f38f,makeup/unisex/ahumado_negro.png,1440,3200,122240,
7b068a5c-4a45-4f7f-b30b-e48f69315cb2,makeup/unisex/remolino_rubor.png,1440,3200,97244,
