id,filename
ef303007-0232-473c-aba8-4cc1751de4ec,female/calentadoras.png
25972db8-b08d-478b-a8d4-060d6cde4fd7,female/camisa_cafe_mujer.png
faea630f-f595-4943-a0c6-3fc90051f35f,female/camisa_cafe.png
60d8abfd-8941-43d4-b3cf-3f2903128913,female/camisa_elegante_mujer.png
70dad866-b60c-49d4-8a66-ca97f2b4c484,female/camisa_miku.png
d086d655-6923-446d-852f-bdb3c6c89e56,female/Camisa_morada_mujer.png
075392d5-46f1-45fe-b0e3-b70a5b010fc3,female/Camisa_negra_mujer.png
fc165602-5243-43e7-99e9-325f39b74a9c,female/Camisa_roja_mujer.png
0c095687-a277-4799-80bd-b7bf8d414d2e,female/Camisa_verde_mujer.png
246bd951-a2d2-4376-991f-6bf92fd66f71,female/Corset_rojo.png
8f78ce81-e911-4af3-bebf-21e5f7c02d96,female/esqueleto_azul.png
3e363f5f-9818-44f0-a5e5-48e6bd35c52f,female/esqueleto_blanco_mujer.png
c07c188f-bf4a-4259-982f-95f5363f9d3a,female/falda_2.png
6778338b-3acd-4047-86ef-c0fe92c55835,female/falda_blanca.png
9e14ea3c-ae4a-4fe1-a35e-2bf2fa109000,female/falda_miku.png
bcaaf2f0-e014-4caf-828e-1584c5290810,female/Medias_maya.png
ab1f9ead-b244-41df-b935-32b132566aaa,female/vestido.png
87c2ee30-f460-421a-9b2c-9b730b6b92af,female/zapatos_beige.png
38486f18-8949-49ff-b69a-d6058b5d7b85,female/zapatos_rosados.png
475bfb02-0b0c-4808-b5c8-de887df5b190,male/calentadoras.png
26335910-5ec8-44fe-b408-7357a8abfc56,male/camisa_cafe.png
2a7920be-86cf-4cb9-bc0b-bb0a57db506f,male/camisa_colombia_2.png
447ef71c-d8af-4ae8-99fa-77b08ff4536e,male/camisa_colombia.png
90ee652d-cc9e-4868-8efc-fe73cc737569,male/camisa_elegante_blanca.png
98e4c52b-93d7-4e2f-9fd3-aa5a48c16586,male/camisa_elegante_mujer.png
adcee9b3-f085-426a-9964-9b43645845c8,male/camisa_miku.png
b3f12607-a6e3-4165-88ba-0b346b8bc8a3,male/Camisa_morada_mujer.png
598628f1-6553-4b80-ba93-30b7cad98e5a,male/Camisa_negra_mujer.png
671dee94-9119-4395-8c93-5de0a0fedb4b,male/Camisa_roja_mujer.png
443922ed-6bf5-4ec3-aee4-0c34a1b369f4,male/Camisa_verde_mujer.png
e32df219-b58a-4fcd-9b07-a73797e4a84e,male/Corset_rojo.png
bc851ef7-c2f8-406e-9c34-216f050ca50c,male/esqueleto_azul.png
6ff11498-d18c-40eb-89bd-0d8d29b8da40,male/esqueleto_blanco_mujer.png
04de7593-5e91-45ec-84da-b86d81efaa30,male/falda_2.png
540e76a4-d1e7-4aef-8a07-b06801414285,male/falda_blanca.png
0f405a91-c143-4f3e-ab8a-378bb0aa5d0d,male/falda_miku.png
71a09348-3edb-4534-aee7-b53e7ef511d5,male/Medias_maya.png
d2b29f38-5ba0-4c79-b69b-c633af8c30dd,male/pantalon_azul.png
a6d2ceb7-a557-43b4-913b-112c8d7f5bca,male/pantalon_blanco.png
57a833b4-eb23-49a7-b747-a92edfaf49d6,male/pantalon_cafe.png
7c57024b-5774-4e2e-8186-6f2746dce604,male/pantalon_rojo.png
5dab0205-9906-466d-a051-d463eacb6294,male/real_madrid.png
fb28e6d5-36bc-4bd6-abbf-00901f35f1de,male/vestido.png
fef39f7c-8797-48d7-9cb9-987a65e3e827,male/zapatos_beige.png
476c36ec-f926-4d0c-b0e1-940713fe3a0d,male/zapatos_rosados.png
6e47d54b-3dcc-48c9-8368-fa6a1d1a56ad,unisex/calentadoras.png
f12e2e4a-3805-44e6-9a72-2e35402705be,unisex/camisa_cafe_mujer.png
50f5e1bd-bd66-43e8-b6bf-8d2d41396c77,unisex/camisa_cafe.png
c87a5f13-d18b-461c-831e-3b056fea3d45,unisex/camisa_colombia_2.png
f8cf6966-dac9-48fd-91a2-29ecf8eac423,unisex/camisa_colombia.png
a3f89b4e-c462-4f2d-9f52-b48484910112,unisex/camisa_elegante_blanca.png
2bc1cdc6-cd5d-47e7-9591-719aae041803,unisex/camisa_miku.png
33ddea78-4068-49c9-bdf2-f9893cdcc588,unisex/camisa_verde_juan.png
d8a9f44f-ef0f-4e39-b483-5604b970f254,unisex/chaqueta_y2k.png
c348df46-41d6-4667-abec-3550a9d89c3f,unisex/Corset_rojo.png
0a390bab-c615-4930-beb7-cc98e4682aee,unisex/esqueleto_azul.png
76f31f05-acbd-46d1-87b8-43af44aa274f,unisex/falda_2.png
299e51d5-a860-49b2-9d9d-5e48c237ea0d,unisex/falda_blanca.png
73c8be26-772f-435c-85cf-05f59db6e7ff,unisex/falda_miku.png
542e90af-065b-42de-84f8-d8421b037d13,unisex/Fuck_news_pantalon.png
f3725136-e14d-47ed-8f5e-df72cc7d75bc,unisex/Medias_maya.png
da060d63-de3f-4a56-b85d-653a1f689134,unisex/medias_negras.png
2c74dcc3-73d3-4ef4-81f1-189123725023,unisex/pantalon_azul.png
ba7f5b53-7d15-4cc6-bf6c-424f635be231,unisex/pantalon_blanco.png
3f5316e2-cf1b-4dbb-b598-415d51fcdad7,unisex/pantalon_cafe.png
32db60b9-d020-4d0b-bfb8-39e9cd71b5d6,unisex/pantaloneta_morada.png
c52c5655-86a3-4c48-a72c-7db84a39a193,unisex/pantalon.png
66bea738-a4fa-4997-82f1-8d5d8dcb77a7,unisex/pantalon_rojo.png
eadb5cc5-c9eb-4b7c-b3ba-8b9e94fc6b5c,unisex/real_madrid.png
aeb45b9b-77f6-4b4d-a645-b0265258e7c1,unisex/Saco_tortuga.png
3309957c-247c-4d1f-ac13-97dff8d1c4f1,unisex/Smoking_fuck_news.png
62112170-92a5-4acd-b887-66152b8e0f7c,unisex/vestido.png
36bf4581-69a2-4f72-a7b2-742d7cae0598,unisex/zapatos_beige.png
6ecb8dc1-4180-437a-b430-777ccd36116e,unisex/zapatos.png
1e0ce119-d0eb-4a3f-8abd-3d44089aab3d,unisex/zapatos_rosados.png
