id,filename
32db60b9-d020-4d0b-bfb8-39e9cd71b5d6,unisex/pantaloneta_morada.png
da060d63-de3f-4a56-b85d-653a1f689134,unisex/medias_negras.png
d8a9f44f-ef0f-4e39-b483-5604b970f254,unisex/chaqueta_y2k.png
6ecb8dc1-4180-437a-b430-777ccd36116e,unisex/zapatos.png
3309957c-247c-4d1f-ac13-97dff8d1c4f1,unisex/Smoking_fuck_news.png
542e90af-065b-42de-84f8-d8421b037d13,unisex/Fuck_news_pantalon.png
33ddea78-4068-49c9-bdf2-f9893cdcc588,unisex/camisa_verde_juan.png
c52c5655-86a3-4c48-a72c-7db84a39a193,unisex/pantalon.png
aeb45b9b-77f6-4b4d-a645-b0265258e7c1,unisex/Saco_tortuga.png
